Name,Stripe Link,Brief URL,Category,Badge Color
EmpireLink CIC Relay Node,https://buy.stripe.com/7sY4gzgsAfKXdvlgRr1ck1s,/pdfs/empirelink_cic_relay_node.pdf,AI Apps,cyan
BioForge GenSecure AI Core,https://buy.stripe.com/7sYfZhdgo1U7bnd7gR1ck1r,/pdfs/bioforge_gensecure_ai_core.pdf,AI Apps,cyan
EduVerse Student ID SecurePass,https://buy.stripe.com/14A5kDekscyL2QH8kV1ck1q,/pdfs/eduverse_student_id_securepass.pdf,AI Apps,cyan
CivIntel Clearance Monitor,https://buy.stripe.com/7sY9AT90842ffDtat31ck1p,/pdfs/civintel_clearance_monitor.pdf,Security Solutions,red
FinShield API VaultGate™,https://buy.stripe.com/8x2bJ1dgoaqDgHxfNn1ck1o,/pdfs/finshield_api_vaultgate.pdf,Security Solutions,red
AgriDyn PrecisionRisk AI,https://buy.stripe.com/8x2bJ15NWfKXcrh0St1ck1n,/pdfs/agridyn_precisionrisk_ai.pdf,AI Apps,cyan
Dynasec Partner Launch Kit,https://buy.stripe.com/3cIeVda4c42fcrh1Wx1ck1m,/pdfs/dynasec_partner_launch_kit.pdf,AI Apps,cyan
VaultMesh Patent Syndication Hub,https://buy.stripe.com/3cI7sLeksdCP2QHdFf1ck1l,/pdfs/vaultmesh_patent_syndication_hub.pdf,Security Solutions,red
RetailIntel VisualShield™,https://buy.stripe.com/14AcN53FOfKXdvl6cN1ck1k,/pdfs/retailintel_visualshield.pdf,Dashboards & Analytics,green
HealthSec PHI Fortress,https://buy.stripe.com/5kQ4gz3FO1U71MD1Wx1ck1j,/pdfs/healthsec_phi_fortress.pdf,AI Apps,cyan
OrbitalSec Telemetry ThreatLink,https://buy.stripe.com/dRm3cv5NW6an9f59oZ1ck1i,/pdfs/orbitalsec_telemetry_threatlink.pdf,AI Apps,cyan
BioForge Pathogen Risk Core,https://buy.stripe.com/eVqcN5b8g7er62TcBb1ck1h,/pdfs/bioforge_pathogen_risk_core.pdf,AI Apps,cyan
EduVerse FacultySec Pro,https://buy.stripe.com/bJe14ndgo6anbnd6cN1ck1g,/pdfs/eduverse_facultysec_pro.pdf,AI Apps,cyan
CivIntel AI Surveillance Grid,https://buy.stripe.com/9B6aEX2BKdCPbnd7gR1ck1f,/pdfs/civintel_ai_surveillance_grid.pdf,AI Apps,cyan
FinShield Real-Time Audit Core,https://buy.stripe.com/00w8wPa4cfKX4YPcBb1ck1e,/pdfs/finshield_realtime_audit_core.pdf,Compliance Tools,blue
AgriDyn IoT Mesh Sentinel,https://buy.stripe.com/dRm9AT6S07er2QHfNn1ck1d,/pdfs/agridyn_iot_mesh_sentinel.pdf,AI Apps,cyan
Dynasec Partner Access License (Full Stack),https://buy.stripe.com/8x27sLcckcyL62T6cN1ck1c,/pdfs/dynasec_partner_access_license_full_stack.pdf,AI Apps,cyan
VaultMind IP Licensing Kit,https://buy.stripe.com/aFa28r9086an8b18kV1ck1b,/pdfs/vaultmind_ip_licensing_kit.pdf,Security Solutions,red
RetailIntel SignalLock™,https://buy.stripe.com/aFa7sL6S01U7gHx1Wx1ck1a,/pdfs/retailintel_signallock.pdf,AI Apps,cyan
HealthSec ZeroLeak Scan Engine,https://buy.stripe.com/6oUaEX3FO8iv76X44F1ck19,/pdfs/healthsec_zeroleak_scan_engine.pdf,AI Apps,cyan
OrbitalSec SpaceOps Command Suite,https://buy.stripe.com/5kQ9ATa4c6an0Iz1Wx1ck18,/pdfs/orbitalsec_spaceops_command_suite.pdf,AI Apps,cyan
BioForge ThreatDNA Suite,https://buy.stripe.com/9B64gz3FO7erbndfNn1ck17,/pdfs/bioforge_threatdna_suite.pdf,AI Apps,cyan
EduVerse CampusLock,https://buy.stripe.com/aFa7sL9087erbndcBb1ck16,/pdfs/eduverse_campuslock.pdf,AI Apps,cyan
CivIntel Recon Report Engine,https://buy.stripe.com/3cIaEX0tC2Yb3ULdFf1ck15,/pdfs/civintel_recon_report_engine.pdf,AI Apps,cyan
FinShield FraudNet AI,https://buy.stripe.com/6oUaEX908fKX3UL7gR1ck14,/pdfs/finshield_fraudnet_ai.pdf,Security Solutions,red
AgriDyn FieldShield Suite,https://buy.stripe.com/14AaEXb8ggP1crh44F1ck13,/pdfs/agridyn_fieldshield_suite.pdf,Security Solutions,red
Dynasec AI BrandForge™,https://buy.stripe.com/fZu9AT90856jdvlgRr1ck12,/pdfs/dynasec_ai_brandforge.pdf,AI Apps,cyan
VaultMind Patent Generator,https://buy.stripe.com/bJe9ATa4c2Yb1MDcBb1ck11,/pdfs/vaultmind_patent_generator.pdf,Security Solutions,red
RetailIntel Threat Auditor,https://buy.stripe.com/eVq4gz7W456jbndbx71ck10,/pdfs/retailintel_threat_auditor.pdf,Compliance Tools,blue
HealthSec AI Compliance Core,https://buy.stripe.com/7sYcN57W442f76X7gR1ck0Z,/pdfs/healthsec_ai_compliance_core.pdf,Compliance Tools,blue
OrbitalSec Satellite Shield,https://buy.stripe.com/8x2bJ1b8gfKX76X30B1ck0Y,/pdfs/orbitalsec_satellite_shield.pdf,Security Solutions,red
CyberForce+ Partner Access License,https://buy.stripe.com/28EeVd1xGeGT2QH44F1ck0X,/pdfs/cyberforce_partner_access_license.pdf,AI Apps,cyan
CIC Application Tracker Pro,https://buy.stripe.com/14A6oHeks42faj9cBb1ck0W,/pdfs/cic_application_tracker_pro.pdf,AI Apps,cyan
AI Contract Proposal Writer (Gov/Fed),https://buy.stripe.com/cNiaEXb8gfKX1MD8kV1ck0V,/pdfs/ai_contract_proposal_writer_govfed.pdf,AI Apps,cyan
ZeroDay Exploit Risk Shield,https://buy.stripe.com/00w3cvgsAaqDdvlfNn1ck0U,/pdfs/zeroday_exploit_risk_shield.pdf,Security Solutions,red
Cloud Risk Recon Report,https://buy.stripe.com/8x228r7W4fKXbnd7gR1ck0T,/pdfs/cloud_risk_recon_report.pdf,AI Apps,cyan
CommandSim™ Cyber War Lab,https://buy.stripe.com/fZu3cv0tCgP1fDt8kV1ck0S,/pdfs/commandsim_cyber_war_lab.pdf,AI Apps,cyan
CyberNexus Incident Core,https://buy.stripe.com/4gMcN51xG9mz2QH8kV1ck0R,/pdfs/cybernexus_incident_core.pdf,AI Apps,cyan
AI Clearance Accelerator,https://buy.stripe.com/7sY3cvgsA9mzcrh7gR1ck0Q,/pdfs/ai_clearance_accelerator.pdf,AI Apps,cyan
VaultMesh IP Vault Elite,https://buy.stripe.com/8x23cv9080Q3bndcBb1ck0P,/pdfs/vaultmesh_ip_vault_elite.pdf,Security Solutions,red
RMF ZeroTrust Bundle,https://buy.stripe.com/fZu8wP2BKgP1aj96cN1ck0O,/pdfs/rmf_zerotrust_bundle.pdf,Compliance Tools,blue
Tactical Ping Alert Engine,https://buy.stripe.com/00wdR96S042faj9bx71ck0N,/pdfs/tactical_ping_alert_engine.pdf,AI Apps,cyan
SecureCloud FedGov LaunchPack,https://buy.stripe.com/aFa28r908eGT0Iz44F1ck0M,/pdfs/securecloud_fedgov_launchpack.pdf,AI Apps,cyan
FedRamp TurboTrack AI,https://buy.stripe.com/00w14ncckfKXdvl0St1ck0L,/pdfs/fedramp_turbotrack_ai.pdf,AI Apps,cyan
Clearance Resume Generator,https://buy.stripe.com/bJe4gzeksbuH62TfNn1ck0K,/pdfs/clearance_resume_generator.pdf,AI Apps,cyan
AI Job Submission Engine,https://buy.stripe.com/fZu14n0tCeGT1MD6cN1ck0J,/pdfs/ai_job_submission_engine.pdf,AI Apps,cyan
CMMC Sentinel Watchtower,https://buy.stripe.com/aFacN5a4c2YbbndgRr1ck0I,/pdfs/cmmc_sentinel_watchtower.pdf,Compliance Tools,blue
RMF Compliance Commander™,https://buy.stripe.com/14AaEXgsA6an76X6cN1ck0H,/pdfs/rmf_compliance_commander.pdf,Compliance Tools,blue
eMASS AuthoritySync™,https://buy.stripe.com/eVq28rcck7er76X30B1ck0G,/pdfs/emass_authoritysync.pdf,AI Apps,cyan
BlueTeam SOC Overwatch,https://buy.stripe.com/3cI9ATcck7erbnd44F1ck0F,/pdfs/blueteam_soc_overwatch.pdf,AI Apps,cyan
RedCell PenTest AI Ops,https://buy.stripe.com/3cIbJ15NWdCP76X8kV1ck0E,/pdfs/redcell_pentest_ai_ops.pdf,AI Apps,cyan
HealthSec Compliance Core,https://buy.stripe.com/28E7sL4JSeGTezp8kV1ck0D,/pdfs/healthsec_compliance_core.pdf,Compliance Tools,blue
Zero Trust Security Audit,https://buy.stripe.com/eVq8wPa4caqD3ULat31ck0C,/pdfs/zero_trust_security_audit.pdf,Compliance Tools,blue
VaultMesh Patent Draft Pack,https://buy.stripe.com/14A5kDb8g9mz8b17gR1ck0B,/pdfs/vaultmesh_patent_draft_pack.pdf,Security Solutions,red
VaultMesh IP Lock,https://buy.stripe.com/7sY6oH2BKaqDdvlbx71ck0A,/pdfs/vaultmesh_ip_lock.pdf,Security Solutions,red
CyberForce+ AI ThreatShield,https://buy.stripe.com/bJe3cvgsA2Yb1MD58J1ck0z,/pdfs/cyberforce_ai_threatshield.pdf,Security Solutions,red
Empire Access License,https://buy.stripe.com/bJeeVdb8g2YbgHx9oZ1ck0y,/pdfs/empire_access_license.pdf,AI Apps,cyan
ResumeCore Elite Kit,https://buy.stripe.com/7sY28r1xGbuH4YPbx71ck0x,/pdfs/resumecore_elite_kit.pdf,AI Apps,cyan
Proposal Builder Plan,https://buy.stripe.com/00w7sLdgocyLezp9oZ1ck0w,/pdfs/proposal_builder_plan.pdf,AI Apps,cyan
Genova Smart Policy Kit,https://buy.stripe.com/fZu7sL2BK56j4YP30B1ck0v,/pdfs/genova_smart_policy_kit.pdf,Compliance Tools,blue
Partner Grid License Tier 1,https://buy.stripe.com/aFafZheks0Q3gHxfNn1ck0u,/pdfs/partner_grid_license_tier_1.pdf,AI Apps,cyan
CivIntel Insight Bundle,https://buy.stripe.com/00weVdb8g6anaj9bx71ck0t,/pdfs/civintel_insight_bundle.pdf,Support Bundles,orange
VaultMesh 5x Draft Pack,https://buy.stripe.com/5kQ6oH1xGbuHezpdFf1ck0s,/pdfs/vaultmesh_5x_draft_pack.pdf,Security Solutions,red
Dynasec Test Transaction,https://buy.stripe.com/6oUeVd3FO1U7crh8kV1ck0r,/pdfs/dynasec_test_transaction.pdf,AI Apps,cyan
Affiliate Kit,https://buy.stripe.com/6oU8wP90842f9f5dFf1ck0q,/pdfs/affiliate_kit.pdf,AI Apps,cyan
Global Investment Tier,https://buy.stripe.com/9B67sLgsA0Q38b1fNn1ck0p,/pdfs/global_investment_tier.pdf,AI Apps,cyan
Press Kit SDponsorship,https://buy.stripe.com/14A7sL6S0eGT1MDfNn1ck0o,/pdfs/press_kit_sdponsorship.pdf,AI Apps,cyan
Partner License Access,https://buy.stripe.com/7sYeVda4cgP13ULdFf1ck0n,/pdfs/partner_license_access.pdf,AI Apps,cyan
Partner License Access,https://buy.stripe.com/7sYfZh5NWbuHaj9gRr1ck0m,/pdfs/partner_license_access.pdf,AI Apps,cyan
Empire Builder Kit,https://buy.stripe.com/8x27sLeks1U7gHx0St1ck0l,/pdfs/empire_builder_kit.pdf,AI Apps,cyan
ResumeCore Elite Kit,https://buy.stripe.com/6oU4gzfow7er76X0St1ck0k,/pdfs/resumecore_elite_kit.pdf,AI Apps,cyan
VaultMesh Patent Draft Pack,https://buy.stripe.com/3cI00j908eGT2QH8kV1ck0j,/pdfs/vaultmesh_patent_draft_pack.pdf,Security Solutions,red
PartnerGrid License Tier 1,https://buy.stripe.com/3cI9ATeks2Yb3ULgRr1ck0i,/pdfs/partnergrid_license_tier_1.pdf,AI Apps,cyan
Empire Access License,https://buy.stripe.com/00w3cv9088ivdvlbx71ck0h,/pdfs/empire_access_license.pdf,AI Apps,cyan
VaultMesh 5x Draft Pack,https://buy.stripe.com/28EfZhcck1U7bnd1Wx1ck0g,/pdfs/vaultmesh_5x_draft_pack.pdf,Security Solutions,red
CivIntel Insight Bundle,https://buy.stripe.com/00w3cv3FOgP176X8kV1ck0f,/pdfs/civintel_insight_bundle.pdf,Support Bundles,orange
Genova Smart Policy Kit,https://buy.stripe.com/bJefZh2BKeGT62T8kV1ck0e,/pdfs/genova_smart_policy_kit.pdf,Compliance Tools,blue
Proposal Builder Kit,https://buy.stripe.com/4gMeVd3FOfKX3ULgRr1ck0d,/pdfs/proposal_builder_kit.pdf,AI Apps,cyan
LegalOps NDA Toolkit,https://buy.stripe.com/9B628r7W46an76XcBb1ck0c,/pdfs/legalops_nda_toolkit.pdf,AI Apps,cyan
Empire Access License,https://buy.stripe.com/00wbJ1908dCPezpgRr1ck0b,/pdfs/empire_access_license.pdf,AI Apps,cyan
LegalOps NDA Toolkit,https://buy.stripe.com/4gM9ATeks1U71MDcBb1ck0a,/pdfs/legalops_nda_toolkit.pdf,AI Apps,cyan
Proposal Builder Kit,https://buy.stripe.com/8x228r0tC8iv76X0St1ck09,/pdfs/proposal_builder_kit.pdf,AI Apps,cyan
CivIntel Insight Bundle,https://buy.stripe.com/bJe9AT4JScyL2QH8kV1ck08,/pdfs/civintel_insight_bundle.pdf,Support Bundles,orange
Genova Smart Policy Kit,https://buy.stripe.com/bJe5kD7W442f8b18kV1ck07,/pdfs/genova_smart_policy_kit.pdf,Compliance Tools,blue
VaultMesh 5x Draft Pack,https://buy.stripe.com/cNi8wP2BK8iv8b144F1ck06,/pdfs/vaultmesh_5x_draft_pack.pdf,Security Solutions,red
Startup Launch Arsenal,https://buy.stripe.com/3cIfZh3FO42ffDt7gR1ck05,/pdfs/startup_launch_arsenal.pdf,AI Apps,cyan
Empire Access License,https://buy.stripe.com/fZu4gz1xGgP1crhgRr1ck04,/pdfs/empire_access_license.pdf,AI Apps,cyan
VaultMesh Patent Draft Pack,https://buy.stripe.com/3cI8wPb8g6an8b1eJj1ck03,/pdfs/vaultmesh_patent_draft_pack.pdf,Security Solutions,red
ResumeCore Elite Kit,https://buy.stripe.com/aFafZh908dCPfDteJj1ck02,/pdfs/resumecore_elite_kit.pdf,AI Apps,cyan
PartnerGrid License Tier 1,https://buy.stripe.com/aFa5kDgsA1U79f5fNn1ck01,/pdfs/partnergrid_license_tier_1.pdf,AI Apps,cyan
Dynasec Test Transaction,https://buy.stripe.com/cNieVddgo6an8b1at31ck00,/pdfs/dynasec_test_transaction.pdf,AI Apps,cyan
